course_id,title,description,data_analysis,data_science,data_engineering,data_visualization,business_intelligence,artificial_intelligence,cloud_computing
CID0001,Autonomous Vehicles: AI for Self-Driving Cars,"Delve into the AI technologies powering autonomous vehicles. Understand sensor integration, environment perception, and decision-making algorithms. Build foundational knowledge to contribute to this cutting-edge field.",0,0,0,0,0,1,0
CID0002,Recommendation Systems: Personalizing User Experiences,"Build systems that predict user preferences. Learn collaborative filtering, content-based filtering, and hybrid approaches. Implement recommendation engines for e-commerce, media, and more.",0,1,0,0,0,1,0
CID0003,Deep Learning with TensorFlow: Building Neural Networks,"Gain hands-on experience with TensorFlow to build and train deep learning models. Learn to implement neural networks for image recognition, language processing, and more.",0,1,0,0,0,1,0
CID0004,Natural Language Processing (NLP): Teaching Machines to Understand Language,"Dive into NLP and learn how to enable machines to understand and process human language. This course covers text preprocessing, sentiment analysis, and language modeling. Build applications like chatbots and language translators using AI techniques.",0,1,0,0,0,1,0
CID0005,SQL for Data Science: Managing and Querying Databases,"Master SQL to manage and query relational databases. Learn to retrieve, filter, and manipulate data effectively, a crucial skill for any data scientist.",1,1,1,1,1,1,1
CID0006,Machine Learning Model Development: From Concept to Deployment,"Learn to build, train, and deploy machine learning models. This course covers the end-to-end process, including data preprocessing, algorithm selection, and model serving. Gain practical experience in developing models that deliver real-world impact.",0,1,0,0,0,1,0
CID0007,Cloud AI Services: Integrating AI into Applications,"Explore AI services offered by cloud providers like AWS SageMaker, Azure Cognitive Services, and Google Cloud AI. Learn to integrate AI capabilities into applications without building models from scratch.",0,1,0,0,0,1,0
CID0008,AI in Cybersecurity: Defending Against Digital Threats,"Understand how AI enhances cybersecurity measures. Learn about anomaly detection, intrusion detection systems, and threat intelligence. Develop AI solutions to protect networks and data.",1,1,1,1,1,1,1
CID0009,Streaming Data Processing with Apache Kafka,Learn to build real-time data pipelines using Apache Kafka. Process and analyze streaming data for timely insights and actions.,0,1,1,0,0,1,1
CID0010,Cloud Security and Data Privacy: Protecting Assets in the Cloud,"Ensure your cloud environments are secure and compliant. Learn about cloud security best practices, data encryption, and privacy regulations. Protect data in cloud infrastructures.",1,1,1,1,1,1,1
CID0011,Generative Adversarial Networks (GANs): Creating with AI,"Delve into GANs and discover how AI can generate new, realistic data. Learn to build models that create images, music, and text by pitting two neural networks against each other. This course offers hands-on experience in developing GANs for innovative AI applications.",0,1,0,0,0,1,0
CID0012,Reinforcement Learning Fundamentals,"Get introduced to the basics of reinforcement learning. Understand key concepts like agents, environments, rewards, and policies. Implement simple RL algorithms.",0,1,0,0,0,1,0
CID0013,Reinforcement Learning: Training AI Agents for Decision-Making,"Explore the dynamic field of reinforcement learning, where AI agents learn to make decisions through trial and error. Understand the concepts of rewards, penalties, and policy optimization. By the end of this course, you’ll be equipped to develop AI models that adapt and improve through interaction with their environment.",0,1,0,0,0,1,0
CID0014,Advanced Neural Networks: Transformers and Attention Mechanisms,"Explore cutting-edge neural network architectures like Transformers, which power models such as GPT-3. Understand attention mechanisms and their impact on natural language processing. This course equips you with the knowledge to implement advanced models for AI innovation.",0,1,0,0,0,1,0
CID0015,Mastering Neural Network Architectures: Building Deep Learning Models,"Dive deep into the world of neural networks with our comprehensive course. Learn to design and implement various neural network architectures, including Convolutional Neural Networks (CNNs) and Recurrent Neural Networks (RNNs). Gain hands-on experience in building deep learning models that drive AI innovation and solve complex problems in image and speech recognition.",0,1,0,0,0,1,0
CID0016,Data Science for Social Good: Impacting Society with Data,"Apply data science to address social issues like public health, education, and environmental sustainability. Learn to design projects that have a positive societal impact.",0,1,1,0,1,0,1
CID0017,AI in Healthcare: Transforming Medicine with Intelligent Systems,"Explore how AI is revolutionizing healthcare. Learn about medical imaging analysis, predictive diagnostics, and personalized medicine. Understand the ethical considerations and regulations specific to AI in healthcare.",0,1,0,0,1,1,0
CID0018,Speech Recognition and Processing: Giving Voice to AI,Master the techniques behind speech recognition and processing. Learn to develop AI systems that can transcribe and understand spoken language. Apply these skills to build virtual assistants and voice-controlled applications.,0,1,0,0,0,1,0
CID0019,Computer Vision with Deep Learning: From Theory to Practice,"Deepen your understanding of computer vision by applying deep learning techniques. Work with convolutional neural networks to tackle image classification, object detection, and segmentation tasks. Hands-on projects solidify your skills in building AI-powered vision systems.",0,1,0,0,0,1,0
CID0020,AI for Natural Language Generation: Creating Human-Like Text,"Discover how AI can generate coherent and contextually relevant text. Learn about language models like GPT and applications in content creation, summarization, and chatbots.",0,1,0,0,0,1,0
CID0021,Natural Language Processing with Deep Learning,"Integrate deep learning methods into NLP tasks. Work with word embeddings, sequence models, and transformers. Tackle complex language problems like translation and sentiment analysis.",0,1,0,0,0,1,0
CID0022,Data Visualization for Business Analysts,"Tailor visualizations to meet business needs. Learn to choose the right charts, simplify complex data, and present findings to stakeholders.",0,0,0,1,1,0,0
CID0023,Applied Machine Learning: Real-World Projects,"Apply machine learning techniques to real-world problems. Work on projects across different domains, such as healthcare, finance, and marketing. Gain practical experience bridging theory and practice.",0,1,0,0,0,1,0
CID0024,Containers and Microservices: Modernizing Application Architecture,Transition from monolithic applications to microservices using containers. Learn how this approach enhances scalability and maintainability in the cloud.,0,0,0,0,0,0,1
CID0025,Disaster Recovery and High Availability in the Cloud,"Plan and implement strategies for data backup, disaster recovery, and ensuring high availability. Protect applications and data from failures and outages.",1,1,1,0,1,0,1
CID0026,Google Cloud Platform (GCP) Essentials: Getting Started,"Get introduced to GCP services and architecture. Learn about Compute Engine, Cloud Storage, BigQuery, and how to deploy applications on GCP.",0,0,1,0,0,0,1
CID0027,AWS Certified Solutions Architect: Exam Preparation,"Prepare for the AWS Solutions Architect certification exam. Cover AWS services, architectural best practices, and exam strategies to achieve certification success.",0,0,1,0,0,0,1
CID0028,Cloud Computing for Data Science: Leveraging the Cloud,"Discover how to use cloud platforms like AWS, Azure, and Google Cloud for data science tasks. Learn about scalable storage, computing resources, and cloud-based machine learning services.",0,0,1,0,0,0,1
CID0029,DevOps in the Cloud: CI/CD Pipelines and Automation,Integrate development and operations by automating workflows. Build CI/CD pipelines using cloud services. Improve software delivery speed and reliability.,0,1,1,0,1,0,1
CID0030,Adversarial Machine Learning: Securing AI Models,Understand the vulnerabilities of AI models to adversarial attacks. Learn techniques to protect models from malicious inputs and ensure robust AI systems.,1,1,1,1,1,1,1
CID0031,Ethical Hacking with AI: Offense and Defense Strategies,"Combine ethical hacking techniques with AI to identify vulnerabilities in systems. Learn how AI can both defend against and exploit security weaknesses, emphasizing responsible use.",1,1,1,1,1,1,1
CID0032,Cloud Native Application Development,"Learn to develop applications optimized for cloud environments. Embrace microservices, containers, and DevOps practices to build scalable solutions.",0,0,0,0,0,0,1
CID0033,Ensemble Methods: Boosting and Bagging Techniques,Improve model performance using ensemble methods like Random Forests and Gradient Boosting Machines. Combine multiple models to achieve better predictive accuracy.,0,1,0,0,0,1,0
CID0034,Infrastructure as Code (IaC): Automating Cloud Provisioning,"Automate cloud infrastructure management using code. Learn tools like Terraform and Ansible to define, deploy, and manage resources programmatically.",0,1,1,0,1,0,1
CID0035,Transfer Learning in AI: Leveraging Pre-Trained Models,Learn how to use pre-trained models to solve new problems efficiently. Understand transfer learning techniques to accelerate AI development and improve model performance.,0,1,0,0,0,1,0
CID0036,AI in Education: Personalized Learning Experiences,"Discover how AI personalizes learning by adapting content to individual student needs. Develop intelligent tutoring systems, automated grading tools, and predictive models to enhance educational outcomes.",0,1,0,0,1,1,0
CID0037,KPI Dashboards: Measuring Business Performance,Design KPI dashboards that align with strategic goals. Visualize key metrics to monitor performance and inform management.,0,0,0,1,1,0,0
CID0038,AI for Finance: Algorithmic Trading and Risk Management,"Learn how AI is transforming the finance industry. Explore algorithmic trading strategies, fraud detection, and risk assessment models. Develop AI solutions that enhance financial decision-making.",0,1,0,0,1,1,0
CID0039,Developing KPIs for Business Success: Measuring What Matters,Learn to define and track KPIs that align with business objectives. Measure performance and drive strategic decisions. Turn data into actionable insights.,1,0,0,0,1,0,0
CID0040,Predictive Analytics in BI: Anticipating Future Trends,Integrate predictive analytics into BI to forecast future outcomes. Use statistical models and machine learning within BI platforms.,0,1,0,0,1,1,0
CID0041,Predictive Modeling: Forecasting with Data,"Master techniques for building predictive models using statistical and machine learning methods. Learn to forecast trends, behaviors, and events. Equip yourself with skills to make data-driven predictions that influence strategic decisions.",0,1,0,0,1,1,0
CID0042,Data Visualization with ggplot2 in R,Create sophisticated visualizations using ggplot2. Learn about the grammar of graphics to build custom plots and charts.,0,0,0,1,0,0,0
CID0043,Data Visualization with Python: Communicating Insights,Use Python libraries like Matplotlib and Seaborn to create informative visualizations. Transform data into compelling charts and graphs that tell a story.,0,0,0,1,0,0,0
CID0044,Exploratory Data Analysis (EDA): Uncovering Insights,Perform EDA to summarize main characteristics of datasets. Use visualization and statistical methods to detect patterns and anomalies.,1,0,0,0,0,0,0
CID0045,Applied Statistics for Data Science: Making Sense of Data,"Strengthen your statistical foundation for data science. Learn about probability distributions, hypothesis testing, and regression analysis to draw meaningful conclusions from data.",1,0,0,0,0,0,0
CID0046,Statistical Programming with R: Analyzing Data Effectively,"Use R programming for statistical analysis and visualization. Write scripts to perform data manipulation, statistical modeling, and graphing.",1,0,0,0,0,0,0
CID0047,Data Ethics and Privacy: Responsible Data Science,"Understand the ethical considerations in data science, including data privacy, consent, and bias. Learn to implement practices that promote responsible use of data.",1,1,1,1,1,1,1
CID0048,"Visualization Design Principles: Color, Typography, and Layout",Dive deeper into design elements that affect the readability and aesthetics of visualizations. Learn to choose appropriate color schemes and typography.,0,0,0,1,0,0,0
CID0049,Visualization Design Principles: Creating Impactful Visuals,"Learn principles of design, color theory, and layout. Create clear and aesthetically pleasing visualizations. Improve the effectiveness of your data presentations.",0,0,0,1,0,0,0
CID0050,Storytelling with Data: Designing Effective Visual Narratives,Combine data visualization and storytelling principles. Craft narratives that highlight key insights and influence audiences.,0,0,0,1,1,0,0
CID0051,Visual Storytelling: Communicating Data Narratives,Craft compelling stories through data visualization. Engage audiences and convey insights effectively. Transform data into impactful narratives.,0,0,0,1,1,0,0
CID0052,Hypothesis Testing: Making Data-Driven Decisions,"Understand statistical hypothesis testing to validate assumptions. Learn about t-tests, chi-square tests, and p-values. Make informed decisions based on data.",1,0,0,0,0,0,0
CID0053,Data Cleaning and Preprocessing with R,"Use R programming to clean and preprocess data. Handle missing values, outliers, and data transformations efficiently.",1,1,1,0,0,0,0
CID0054,Data Cleaning with Python: Ensuring Data Integrity,Use Python libraries like Pandas to clean and preprocess data. Automate data cleaning tasks and handle large datasets efficiently.,1,1,1,0,0,0,0
CID0055,Data Cleaning Techniques: Preparing Data for Analysis,"Master the process of detecting and correcting errors in datasets. Handle missing data, outliers, and inconsistencies. Ensure data quality before analysis.",1,1,1,0,0,0,0
CID0056,Descriptive Statistics: Summarizing Data for Insights,Learn to calculate and interpret measures of central tendency and variability. Summarize datasets and extract meaningful information. Build a strong foundation in data analysis.,1,0,0,0,0,0,0
CID0057,Data Mining Techniques: Extracting Knowledge from Data,Delve into data mining methodologies to extract patterns and relationships from large datasets. Learn algorithms and tools that facilitate knowledge discovery. Tackle complex data challenges with confidence.,0,1,1,0,1,1,0
CID0058,Model Evaluation and Validation: Ensuring Reliable Predictions,"Understand how to assess the performance of your machine learning models. Learn about validation techniques, cross-validation, and performance metrics. Ensure you can trust and interpret your models’ outputs.",0,1,0,0,0,1,0
CID0059,Regression Analysis: Predictive Modeling Techniques,"Master linear and logistic regression methods for predicting outcomes. Interpret coefficients, assess model fit, and validate assumptions.",0,1,0,0,1,1,0
CID0060,Time Series Analysis: Forecasting and Modeling Temporal Data,"Master time series analysis techniques for forecasting. Learn about ARIMA models, exponential smoothing, and seasonality. Apply these methods to financial data, weather patterns, and more.",0,1,0,0,1,1,0
CID0061,Feature Engineering for Machine Learning: Enhancing Model Performance,"Discover the art of feature engineering to improve your machine learning models. Learn techniques for creating, selecting, and transforming features. Boost model accuracy and efficiency through practical exercises.",0,1,1,0,0,1,0
CID0062,Advanced Machine Learning with Scikit-Learn,"Deepen your understanding of machine learning algorithms using Scikit-Learn. Explore advanced topics like ensemble methods, hyperparameter tuning, and pipeline creation.",0,1,0,0,0,1,0
CID0063,Power BI Data Modeling: Optimizing Performance,"Learn to design efficient data models in Power BI. Optimize performance with relationships, hierarchies, and calculated columns.",1,1,1,0,1,1,1
CID0064,Web Scraping for Data Collection: Gathering Web Data,Learn how to extract data from websites using tools like BeautifulSoup and Scrapy. Build datasets from online sources to fuel your data science projects.,1,1,1,1,1,1,1
CID0065,Big Data Frameworks: Processing Massive Datasets,Use frameworks like Hadoop and Spark to process large datasets. Understand distributed computing concepts and how to optimize big data processing. Handle massive data volumes effectively.,0,0,1,0,0,0,1
CID0066,Storytelling with Data in BI,Combine data visualization and narrative techniques in BI tools. Craft stories that convey insights effectively and drive decision-making.,0,0,0,1,1,0,0
CID0067,BI Reporting Tools Expertise: Mastering BI Software,"Gain proficiency in BI tools like SAP BusinessObjects, MicroStrategy, or QlikView. Design reports and dashboards that drive business value. Enhance reporting skills.",0,0,0,1,1,0,0
CID0068,Interactive Dashboard Design: Engaging Data Presentations,Create interactive dashboards that allow users to explore data. Use tools like Tableau or Power BI to build dynamic visualizations. Enhance data storytelling.,0,0,0,1,1,0,0
CID0069,Dashboarding for Business Insights: Visualizing Data Effectively,Create dashboards that provide at-a-glance insights into key metrics. Learn design principles and best practices for impactful dashboards. Communicate data clearly.,0,0,0,1,1,0,0
CID0070,Serverless Computing: Building Applications Without Servers,Explore serverless architectures to build applications without managing servers. Learn about Function as a Service (FaaS) and event-driven computing. Create scalable and cost-effective applications.,0,0,0,0,0,0,1
CID0071,Cloud Data Encryption: Securing Data at Rest and in Transit,"Understand how to encrypt data stored in the cloud and transmitted over networks. Learn about encryption protocols, key management, and compliance requirements. Strengthen your ability to secure cloud data.",0,1,1,0,1,0,1
CID0072,Serverless Computing with AWS Lambda,Build serverless applications using AWS Lambda. Understand event-driven architectures and integrate Lambda functions with other AWS services.,0,0,0,0,0,0,1
CID0073,AI-Driven Chatbots: Enhancing Customer Engagement,"Create intelligent chatbots that provide customer support and enhance user experiences. Learn about conversational AI, dialogue management, and integrating chatbots into various platforms.",0,1,0,0,0,1,0
CID0074,Cloud Resource Provisioning: Automating Cloud Infrastructure,Automate the allocation and management of cloud resources. Learn about Infrastructure as Code (IaC) using tools like Terraform and AWS CloudFormation. Manage cloud infrastructure efficiently.,0,0,1,0,0,0,1
CID0075,Advanced Tableau Techniques: Enhancing Data Visualizations,"Elevate your Tableau skills with advanced features like LOD expressions, table calculations, and dashboard actions. Create impactful and interactive visualizations.",0,0,0,1,1,0,0
CID0076,Kubernetes Essentials: Orchestrating Containerized Applications,"Learn to deploy, scale, and manage containerized applications using Kubernetes. Understand container orchestration, service discovery, and load balancing in cloud environments.",0,0,1,0,0,0,1
CID0077,Data Integration Techniques: Combining Data from Multiple Sources,"Master techniques for integrating data from diverse sources. Learn about APIs, data formats, and integration patterns. Ensure seamless data flow across systems.",1,1,1,1,1,1,1
CID0078,Sentiment Analysis with AI: Gauging Public Opinion,"Learn to analyze text data to determine sentiment and opinions. Apply AI techniques to social media, customer reviews, and surveys to gain insights into public perception and inform business strategies.",0,1,1,0,1,1,0
CID0079,Cloud Scalability: Designing for Growth,"Design cloud systems that can scale seamlessly with demand. Learn about scaling strategies, load balancing, and auto-scaling groups. Build resilient applications that handle growth efficiently.",0,0,1,0,1,1,1
CID0080,AI for Environmental Sustainability: Protecting the Planet,"Utilize AI to address environmental challenges such as climate change, wildlife conservation, and resource management. Develop models that monitor ecosystems, predict environmental changes, and support sustainability efforts.",0,1,1,0,1,0,1
CID0081,Data Encryption and Security: Protecting Sensitive Information,Secure data at rest and in transit using encryption. Implement encryption strategies in databases and data pipelines. Comply with security regulations.,0,1,1,0,1,0,1
CID0082,Data Storytelling in BI: Crafting Compelling Narratives,Combine data visualization and narrative techniques to tell impactful stories. Engage stakeholders and drive action through compelling BI presentations.,0,0,0,1,1,0,0
CID0083,Serverless Architecture Patterns: Building Modern Applications,"Explore common patterns and best practices in serverless application development. Design event-driven architectures using AWS Lambda, Azure Functions, or Google Cloud Functions.",0,0,0,0,0,0,1
CID0084,Software as a Service (SaaS): Delivering Applications Over the Cloud,"Understand the SaaS model for delivering software applications over the internet. Learn about SaaS architecture, multi-tenancy, and subscription models. Design and manage SaaS solutions effectively.",0,0,0,0,0,0,1
CID0085,Infrastructure as a Service (IaaS): Building Scalable Cloud Solutions,"Master the fundamentals of IaaS to create flexible and scalable cloud infrastructures. Learn about virtual machines, networking, and storage in the cloud. Deploy and manage cloud resources efficiently.",0,0,0,0,0,0,1
CID0086,Identity and Access Management (IAM) in Cloud Platforms,Secure cloud environments by managing user identities and permissions. Implement IAM policies to control access to resources and comply with security standards.,1,1,1,1,1,1,1
CID0087,AI for Supply Chain Optimization: Enhancing Efficiency,"Explore how AI improves supply chain management through demand forecasting, inventory optimization, and logistics planning. Develop AI solutions that enhance efficiency and reduce costs in supply chain operations.",0,1,0,0,1,1,0
CID0088,AI in Robotics: Autonomous Navigation and Control,"Focus on AI applications in robotics for autonomous navigation. Learn about SLAM (Simultaneous Localization and Mapping), path planning, and obstacle avoidance. Develop robots that can navigate complex environments intelligently.",0,0,0,0,0,1,0
CID0089,Robotics Control Systems: Integrating AI with Robotics,"Combine AI with robotics to develop intelligent machines capable of performing tasks autonomously. Understand control theory, sensor integration, and motion planning. Gain practical skills in designing AI-driven robotic systems for various applications.",0,0,0,0,0,1,0
CID0090,Reinforcement Learning in Robotics: Teaching Machines to Act,Apply reinforcement learning principles to robotics. Learn how AI agents can learn optimal actions through interaction with their environment. This course covers algorithms and practical implementations in robotic control.,0,1,0,0,0,1,0
CID0091,Computer Vision Techniques: Enabling Machines to See,"Unlock the secrets of computer vision and enable machines to interpret visual data. This course covers image processing, object detection, and facial recognition techniques. Through practical projects, you’ll develop AI applications that understand and analyze visual information, opening doors to cutting-edge AI solutions.",0,1,0,0,0,1,0
CID0092,Platform as a Service (PaaS): Accelerating Application Development,Leverage PaaS offerings to streamline your application development process. Deploy applications without worrying about underlying infrastructure. Cover popular PaaS platforms and their use cases.,0,0,0,0,0,0,1
CID0093,Self-Service BI Platforms: Empowering Business Users,Enable non-technical users to create their own reports and analyses. Use tools like Tableau and Power BI to democratize data access. Foster a data-driven culture.,0,0,0,0,1,0,0
CID0094,Cloud Security Best Practices: Protecting Cloud Environments,"Implement security measures to protect cloud infrastructures. Learn about identity management, encryption, network security, and compliance in cloud environments.",1,1,1,1,1,1,1
CID0095,Data Animation Techniques: Engaging Audiences with Motion,Learn to animate data visualizations to highlight changes over time. Use tools like Adobe After Effects and Tableau to add motion to your presentations.,0,0,0,1,0,0,0
CID0096,Interactive Data Visualizations with Plotly,Use Plotly to create interactive visualizations in Python or R. Enhance user engagement with dynamic charts and graphs.,0,0,0,1,0,0,0
CID0097,Data Governance Implementation: Policies and Practices,"Put data governance frameworks into action. Develop policies, roles, and procedures to manage data assets effectively.",0,1,1,0,1,0,1
CID0098,Data Governance for BI Platforms,"Implement data governance practices within BI platforms. Manage data access, quality, and compliance to maintain trustworthy insights.",0,0,1,0,1,0,0
CID0099,Data Animation: Bringing Data to Life,Use animation to illustrate changes and trends over time. Create animated charts and graphics. Make your data presentations more engaging.,0,0,0,1,0,0,0
CID0100,Designing Dashboards with UX Principles,"Apply user experience (UX) design principles to dashboard creation. Enhance usability, navigation, and user satisfaction in your visualizations.",0,0,0,1,0,0,0
CID0101,Data Enrichment: Enhancing Data Quality and Value,"Discover how to enhance your datasets by integrating additional information. Learn methods for data augmentation, sourcing external data, and improving data completeness.",0,1,1,0,1,1,0
CID0102,Infographics Design: Simplifying Complex Data,Design compelling infographics that convey complex information clearly. Apply principles of design and storytelling to create impactful visuals.,0,0,0,1,1,0,0
CID0103,Cross-Tabulation and Pivot Tables: Exploring Data Relationships,Use cross-tabulation to examine relationships between variables. Create and interpret pivot tables. Uncover insights through data exploration.,1,0,0,0,1,0,0
CID0104,Advanced Visualization Techniques: Beyond Basic Charts,"Explore sophisticated visualization methods like heatmaps, treemaps, and network diagrams. Represent complex data innovatively. Enhance your visualization skills.",0,0,0,1,0,0,0
CID0105,Survey Data Analysis: Extracting Insights from Questionnaires,"Learn methods for analyzing survey data, including weighting, scaling, and handling missing data. Interpret results to inform decision-making.",0,1,1,0,1,1,0
CID0106,Swarm Intelligence: Collective Behavior in AI Systems,"Study swarm intelligence inspired by natural systems like ant colonies and bird flocks. Learn how to develop decentralized, self-organized AI systems for optimization and problem-solving.",0,1,0,0,0,1,0
CID0107,Cross-Tabulation Analysis: Exploring Categorical Data,Deepen your skills in analyzing relationships between categorical variables. Use chi-square tests and contingency tables effectively.,1,0,0,0,1,0,0
CID0108,Data Aggregation and Grouping: Summarizing Data Effectively,Learn to aggregate data using groupings and summarizations. Derive insights from large datasets. Simplify complex data for analysis.,1,0,1,0,1,0,0
CID0109,Time Series Decomposition: Understanding Trends and Seasonality,"Break down time series data into trend, seasonal, and irregular components. Improve forecasting accuracy by understanding underlying patterns.",1,0,0,0,1,0,0
CID0110,Advanced Hypothesis Testing: Beyond the Basics,"Explore complex hypothesis testing methods, including ANOVA, MANOVA, and non-parametric tests. Apply these techniques to multifaceted data analysis problems.",1,0,0,0,0,0,0
CID0111,Statistical Inference: Drawing Conclusions from Data,"Learn to make inferences about populations based on sample data. Understand confidence intervals, significance levels, and error types.",1,0,0,0,0,0,0
CID0112,Data Visualization Accessibility: Designing for All Users,"Ensure your data visualizations are accessible to users with disabilities. Learn about color contrast, alternative text, and screen reader compatibility.",1,0,0,1,1,0,0
CID0113,Data Infrastructure Monitoring: Keeping Systems Healthy,Monitor data infrastructure components like databases and pipelines. Set up alerts for performance issues and failures. Maintain system reliability.,0,0,1,0,1,1,1
CID0114,Accessibility in Data Visualization: Designing for Inclusivity,"Ensure your visualizations are accessible to all users. Implement best practices for color contrast, text sizing, and alternative text descriptions.",1,0,0,1,1,0,0
CID0115,Data Governance for BI: Ensuring Data Integrity,Implement governance practices to ensure data quality and compliance in BI systems. Define policies and standards for effective data management.,0,0,1,0,1,0,0
CID0116,Data Stream Processing in AI: Handling Continuous Data,Master techniques for processing continuous data streams for AI applications. Learn about stream processing frameworks and how to integrate them with AI models. Build AI systems that respond to data in real time.,0,1,1,0,0,1,1
CID0117,Predictive Analytics with SAP Analytics Cloud,Use SAP Analytics Cloud to build predictive models. Integrate machine learning into your BI workflows for forward-looking insights.,0,1,0,0,1,1,0
CID0118,Data Warehouse Design: Architecting for Scalability,"Design efficient data warehouses that support analytical processing. Learn about schema design, star and snowflake schemas, and indexing strategies. Optimize data storage for performance.",0,0,1,0,1,0,0
CID0119,Real-Time Data Streaming: Building Responsive Data Systems,Implement real-time data processing using tools like Apache Kafka and Apache Flink. Build systems that process and respond to data events instantly. Enhance responsiveness of data applications.,0,0,1,0,0,1,1
CID0120,Ad-Hoc Reporting: Responding to Business Questions Quickly,Create reports on the fly to address specific business needs. Learn tools and techniques for rapid report generation. Support timely decision-making.,1,0,0,0,1,0,0
CID0121,OLAP Systems: Advanced Analytical Processing,Understand OLAP technologies for multidimensional data analysis. Build cubes and perform complex queries for business insights. Enhance analytical capabilities.,0,0,1,0,1,0,0
CID0122,Data Governance Framework: Establishing BI Standards,"Develop and implement a governance framework for BI systems. Define policies, roles, and processes for effective data management. Ensure consistency and compliance.",0,1,1,0,1,0,1
CID0123,Quantum Machine Learning: The Future of AI,Explore the intersection of quantum computing and machine learning. Understand how quantum algorithms can accelerate AI tasks. Get a glimpse into the future of AI technology.,0,1,0,0,0,1,0
CID0124,Data Governance Tools: Implementing Collibra and Alation,"Use industry-leading tools to enforce data governance policies. Manage data catalogs, lineage, and compliance with Collibra and Alation.",0,1,1,0,1,0,1
CID0125,Data Policy Management in BI: Ensuring Compliance and Security,"Manage data policies related to access, usage, and security in BI environments. Maintain compliance and protect sensitive information. Strengthen data governance.",0,1,1,0,1,0,1
CID0126,Trend Analysis: Identifying Patterns Over Time,Analyze time-series data to identify trends and patterns. Learn forecasting techniques to predict future values. Inform strategic planning with trend insights.,1,0,0,0,1,0,0
CID0127,Self-Service BI with Qlik Sense,Empower users to create their own visualizations and reports using Qlik Sense. Foster a data-driven culture with accessible BI tools.,0,0,0,0,1,0,0
CID0128,Applied Econometrics: Data Analysis in Economics,"Apply econometric techniques to analyze economic data. Use time series analysis, panel data methods, and instrumental variables.",0,1,0,0,1,1,0
CID0129,Data Tagging and Annotation for Machine Learning,Learn best practices for data labeling and annotation. Understand how quality tags improve supervised learning models. Use tools and techniques for efficient data tagging.,0,1,1,0,1,1,0
CID0130,Real-Time Analytics with Apache Flink,"Process streaming data in real-time using Apache Flink. Build applications for fraud detection, monitoring, and real-time dashboards.",0,1,1,0,0,1,1
CID0131,Data Streaming Analytics for AI: Real-Time Insights,Harness the power of real-time data streams to fuel AI applications. This course teaches you how to process and analyze streaming data for immediate insights. Learn to implement streaming analytics platforms that support AI decision-making in fast-paced environments.,0,1,1,0,0,1,1
CID0132,Building Expert Systems with Machine Learning,Integrate machine learning techniques into expert system design. Create adaptive systems that improve over time. This course bridges traditional rule-based systems with modern AI approaches.,0,0,0,0,0,1,0
CID0133,Data Cataloging for BI: Organizing Data Assets,"Create and manage a data catalog to improve data discovery and governance. Document data sources, definitions, and relationships.",0,1,1,0,1,0,1
CID0134,Machine Learning Operations (MLOps): Streamlining AI Deployment,"Master the practices of MLOps to streamline the deployment and maintenance of AI models. Learn about continuous integration, continuous deployment, and monitoring of machine learning models in production environments.",0,0,1,0,0,0,1
CID0135,Multivariate Data Analysis: Exploring Multiple Variables,"Analyze datasets with multiple variables using techniques like MANOVA, factor analysis, and cluster analysis. Uncover complex relationships in data.",0,1,1,0,1,1,0
CID0136,Data Science Project Management: From Concept to Deployment,"Learn to manage data science projects effectively. Cover project planning, collaboration, version control, and deployment strategies to ensure successful outcomes.",0,0,1,0,0,0,1
CID0137,Data Science with MATLAB: Engineering Applications,"Use MATLAB for data analysis, visualization, and algorithm development. Ideal for engineering and scientific applications requiring robust computational capabilities.",1,1,1,0,1,0,0
CID0138,AI for Art and Creativity: Exploring Generative Art,"Combine AI with art to create generative artworks. Explore how GANs and other models can produce music, paintings, and literary pieces, pushing the boundaries of creative expression.",0,1,0,0,0,1,0
CID0139,BI Strategy Development: Aligning Data with Business Goals,"Develop a BI strategy that aligns with organizational objectives. Plan initiatives, select tools, and define success metrics.",0,0,1,0,1,0,0
CID0140,Data Versioning and Lineage: Tracking Data Changes,Implement systems to track versions of datasets and their transformations. Ensure reproducibility and compliance by maintaining data histories.,1,1,1,0,1,0,1
CID0141,Handling Imbalanced Data: Strategies and Techniques,"Learn how to manage datasets where classes are not equally represented. Apply resampling techniques, use appropriate evaluation metrics, and adjust algorithms for better performance.",1,1,1,0,0,0,0
CID0142,Causal Inference in Data Science: Understanding Cause and Effect,"Move beyond correlation to understand causation. Learn about randomized experiments, instrumental variables, and regression discontinuity designs.",1,0,0,0,0,0,0
CID0143,Ethics in AI and Data Science: Navigating Moral Challenges,Delve into ethical dilemmas in AI and data science. Discuss case studies and frameworks to navigate moral challenges responsibly.,0,0,0,0,0,1,0
CID0144,Data Quality Management: Ensuring Reliable Data,"Implement processes to monitor and improve data quality. Learn about data validation, cleansing, and governance. Deliver reliable data for analysis and decision-making.",1,1,1,0,1,1,1
CID0145,Human-Centered AI Design: Building User-Friendly AI Systems,"Focus on designing AI systems that prioritize user needs and ethical considerations. Learn about user interface design, accessibility, and ensuring AI aligns with human values.",0,0,0,0,0,1,0
CID0146,Meta-Learning: Learning to Learn in AI,"Explore meta-learning, where AI models learn how to learn. Understand techniques that enable models to quickly adapt to new tasks with minimal data, advancing the efficiency of machine learning.",0,1,0,0,0,1,0
CID0147,Data Quality in BI: Delivering Trustworthy Insights,"Implement processes to ensure data used in BI is accurate and reliable. Address data cleansing, validation, and quality metrics.",1,1,1,0,1,1,1
CID0148,Bayesian Data Analysis: A Probabilistic Approach,"Understand Bayesian statistics for data analysis. Learn about prior distributions, posterior inference, and Bayesian updating. Apply these concepts to improve predictive models.",0,1,0,0,1,1,0
CID0149,Data Sampling Methods: Effective Techniques for Big Data,"Understand how to select representative samples from large datasets. Learn about random sampling, stratified sampling, and techniques for handling imbalanced classes.",1,1,0,0,1,1,0
CID0150,Geospatial Visualization: Mapping Data for Insights,Visualize geographic data using maps and spatial analysis. Uncover patterns and trends related to location. Leverage geospatial data for decision-making.,0,0,0,1,0,0,0
CID0151,Building Data Lakes on AWS,"Create and manage data lakes using AWS services like S3, Glue, and Lake Formation. Store and analyze vast amounts of structured and unstructured data.",0,0,1,0,0,0,1
CID0152,High-Performance Computing (HPC) in the Cloud,"Leverage cloud resources for HPC workloads. Understand how to run computationally intensive tasks in the cloud for scientific research, simulations, and analytics.",0,0,1,0,1,1,1
CID0153,Cloud Cost Optimization: Maximizing ROI,"Learn techniques to optimize cloud spending. Monitor resource usage, select cost-effective services, and implement scaling policies to reduce expenses.",0,0,1,0,1,1,1
CID0154,Schema Design for Data Engineers: Structuring Databases Efficiently,"Design database schemas that ensure data integrity and performance. Learn normalization, denormalization, and best practices in schema design. Optimize databases for efficiency.",0,0,1,0,1,0,0
CID0155,Azure Data Engineering: Designing Data Solutions,"Learn to build data solutions on Microsoft Azure. Cover Azure SQL Database, Data Factory, Synapse Analytics, and more to manage and process data in the cloud.",0,0,1,0,0,0,1
CID0156,Advanced DAX for Power BI: Enhancing Data Models,Master Data Analysis Expressions (DAX) to create advanced calculations and data models in Power BI. Enhance the analytical capabilities of your reports.,0,0,0,1,1,0,0
CID0157,Cloud Networking: Designing Virtual Networks,"Understand networking in cloud environments. Configure virtual networks, subnets, and routing. Secure network communication between cloud resources.",0,0,1,0,0,0,1
CID0158,Terraform for Cloud Infrastructure Automation,Use Terraform to automate the provisioning of cloud resources. Write declarative configurations to manage infrastructure across multiple cloud providers.,0,1,1,0,1,0,1
CID0159,DAX Formulas for Power BI: Advanced Calculations,Master DAX formulas to perform complex calculations in Power BI. Enhance your reports with dynamic measures and advanced analytics.,0,0,0,1,1,0,0
CID0160,Edge Computing with AWS Greengrass,"Use AWS Greengrass to run local compute, messaging, and data caching for connected devices. Implement IoT solutions that extend AWS to edge devices.",0,0,0,0,0,0,1
CID0161,Edge Computing and the Cloud: Extending Computing Power,Explore how edge computing complements cloud services. Process data closer to the source for reduced latency. Implement solutions for IoT and real-time applications.,0,0,0,0,0,0,1
CID0162,AI for Edge Computing: Intelligent Processing at the Source,Learn how to implement AI algorithms on edge devices like smartphones and IoT gadgets. Understand the challenges and solutions for deploying AI outside centralized cloud systems.,0,0,0,0,0,0,1
CID0163,Mobile BI Dashboards: Designing for Small Screens,Learn to create BI dashboards optimized for mobile devices. Ensure clarity and usability on smaller screens without sacrificing functionality.,0,0,0,1,1,0,0
CID0164,Virtual Reality (VR) Data Visualization: Exploring Data in 3D,Explore data visualization in virtual reality environments. Create immersive experiences that allow users to interact with data in three dimensions.,0,0,0,1,0,0,0
CID0165,Dimensionality Reduction: Simplifying Complex Data,"Learn techniques like PCA and t-SNE to reduce the number of variables in your datasets. Simplify models, visualize high-dimensional data, and improve computational efficiency.",0,1,0,0,0,0,0
CID0166,Federated Learning: Collaborative AI Without Data Sharing,"Explore federated learning, where AI models are trained across decentralized devices without sharing raw data. Learn how this approach enhances privacy and security while leveraging distributed data.",1,1,1,1,1,1,1
CID0167,Cloud Compliance and Governance: Meeting Regulatory Requirements,"Ensure cloud deployments meet legal and organizational compliance standards. Understand GDPR, HIPAA, and other regulations affecting cloud services.",1,1,1,0,1,0,1
CID0168,Data Partitioning Strategies: Optimizing Data Storage,Learn partitioning techniques to improve query performance and manage large datasets. Apply horizontal and vertical partitioning in databases.,0,1,1,0,1,1,0
CID0169,Data Orchestration with Apache Airflow,Master Apache Airflow to schedule and monitor workflows. Automate complex data processes and manage dependencies effectively.,0,1,1,0,1,0,1
CID0170,Data Pipeline Testing and Validation,"Ensure the reliability of data pipelines through rigorous testing and validation. Implement unit tests, integration tests, and data quality checks.",0,1,1,0,1,0,1
CID0171,Custom Visualization Development with D3.js,Create bespoke data visualizations using D3.js. Build interactive and dynamic graphics tailored to specific data representation needs.,0,0,0,1,0,0,0
CID0172,Data Merging and Transformation in BI Tools,Learn to combine and transform data from multiple sources within BI tools. Enhance reports and dashboards with integrated data views.,1,1,1,0,1,0,0
CID0173,Data Infrastructure as Code with Ansible,Automate data infrastructure provisioning using Ansible. Write playbooks to manage configurations and deployments consistently.,0,1,1,0,1,0,1
CID0174,Data Infrastructure Automation: Streamlining Data Operations,Automate repetitive tasks in data engineering using scripts and tools. Increase efficiency and reduce errors in data operations.,0,1,1,0,1,0,1
CID0175,Data API Development: Building Data Access Interfaces,Create APIs to enable programmatic access to data. Design RESTful services that facilitate data integration and sharing across applications.,0,1,1,0,1,1,1
CID0176,Data Archiving Strategies: Managing Long-Term Data Storage,Develop strategies for archiving data that is infrequently accessed but must be retained. Balance accessibility with cost-effective storage solutions.,1,0,1,0,1,0,1
CID0177,Data Replication and Synchronization: Ensuring Data Availability,Learn techniques to replicate data across systems for redundancy and performance. Synchronize data in distributed environments to maintain consistency.,0,1,1,0,1,1,1
CID0178,Cloud Monitoring and Logging: Maintaining Cloud Health,Implement monitoring solutions to track the performance and availability of cloud resources. Set up alerts and dashboards to proactively manage systems.,0,0,1,0,1,1,1
CID0179,Data Lake Management: Handling Unstructured Data,"Manage data lakes that store raw data in its native format. Organize, catalog, and secure data in a data lake environment. Enable flexible analysis of unstructured data.",0,0,1,0,0,0,1
CID0180,Mobile BI Solutions: Accessing Insights Anywhere,Develop BI solutions optimized for mobile devices. Ensure data is accessible and interactive on smartphones and tablets.,0,0,0,1,1,0,0
CID0181,Data Pipeline Orchestration: Managing Complex Workflows,Master tools like Apache Airflow to schedule and monitor data workflows. Manage dependencies and ensure data pipelines run smoothly. Streamline data processes efficiently.,0,0,1,0,0,0,1
CID0182,Visualizing Big Data with Apache Superset,Learn to handle and visualize large datasets using Apache Superset. Create dashboards that scale with your data.,0,0,0,1,0,0,0
CID0183,Network Analysis: Exploring Relationships in Data,"Analyze complex networks to uncover relationships and patterns. Apply network analysis to social networks, biological systems, and communication networks.",0,1,1,0,1,1,0
CID0184,Graph Analytics: Uncovering Insights from Network Data,"Analyze and visualize graph data to find patterns in social networks, communication systems, and biological networks. Learn algorithms like PageRank and community detection.",0,1,1,0,1,1,0
CID0185,Anomaly Detection: Identifying Outliers in Data,"Learn techniques to detect unusual data points that deviate from the norm. Apply statistical methods and machine learning algorithms to identify fraud, network intrusions, and equipment failures.",0,1,0,0,0,1,0
CID0186,Unsupervised Learning: Discovering Hidden Patterns,"Explore clustering, dimensionality reduction, and anomaly detection. Learn to find structure in unlabeled data. Uncover insights that supervised learning may miss, opening new avenues for data exploration.",0,1,0,0,0,1,0
CID0187,AI Hardware Acceleration: Optimizing Performance,"Explore hardware solutions like GPUs, TPUs, and AI accelerators that enhance the performance of AI models. Learn how to optimize AI workloads for different hardware platforms.",0,0,1,0,1,1,1
CID0188,Monitoring and Logging in Azure,"Implement monitoring solutions using Azure Monitor, Log Analytics, and Application Insights. Maintain the health and performance of your Azure applications.",0,0,1,0,1,1,1
CID0189,AutoML and Automated Feature Engineering,"Explore tools and techniques for automating machine learning workflows. Use AutoML platforms to automate feature selection, model tuning, and deployment.",0,1,1,0,0,1,0
CID0190,Advanced Feature Engineering: Techniques for Complex Data,"Go beyond the basics with advanced feature engineering methods. Learn about feature selection algorithms, extracting features from unstructured data, and automated feature engineering.",0,1,1,0,0,1,0
CID0191,Zero-Shot and Few-Shot Learning: AI with Limited Data,Learn how AI models can make accurate predictions with minimal training data. Explore techniques in zero-shot and few-shot learning to build flexible and efficient AI systems.,0,1,0,0,0,1,0
CID0192,Kubernetes Advanced Concepts: Scaling and Security,"Go beyond Kubernetes basics to learn about scaling strategies, advanced networking, and securing clusters. Manage complex container orchestration tasks effectively.",0,0,1,0,0,0,1
CID0193,Cloud Migration Strategies: Moving to the Cloud,"Plan and execute the migration of applications and data to the cloud. Learn about migration assessments, strategies, and best practices. Minimize risks and downtime during migration.",0,0,0,0,0,0,1
CID0194,Expert Systems Design: Mimicking Human Expertise with AI,"Learn to create expert systems that replicate human decision-making in specific domains. This course covers knowledge representation, inference engines, and rule-based systems. Build AI applications that provide expert-level solutions in fields like medicine, finance, and engineering.",0,0,0,0,0,1,0
CID0195,Explainable AI (XAI): Demystifying Machine Decisions,Understand the importance of transparency in AI models. Learn techniques for making AI decisions interpretable and explainable. Address regulatory requirements and build trust in AI systems.,0,0,0,0,0,1,0
CID0196,AI Ethics in Practice: Ensuring Fairness and Transparency,"This course provides practical guidelines for implementing ethical AI systems. Learn about fairness metrics, transparency practices, and regulatory compliance. Equip yourself to navigate the ethical challenges in AI development.",0,0,0,0,0,1,0
CID0197,AI Ethics and Bias Mitigation: Building Responsible AI Systems,"As AI becomes pervasive, understanding its ethical implications is crucial. This course addresses the challenges of bias in AI systems and provides strategies for mitigation. Learn to develop fair, transparent, and accountable AI models that adhere to ethical standards.",0,0,0,0,0,1,0
CID0198,Generative Models in AI: Beyond GANs,"Explore various generative models in AI, including Variational Autoencoders (VAEs) and Flow-based models. Understand their applications in data augmentation, anomaly detection, and creative AI tasks.",0,1,0,0,0,1,0
CID0199,Hybrid Cloud Solutions: Integrating On-Premises and Cloud Systems,Learn how to seamlessly connect on-premises infrastructure with cloud services. Design hybrid architectures for flexibility and scalability.,0,0,0,0,0,0,1
CID0200,Cloud Migration Case Studies: Lessons Learned,Analyze real-world cloud migration projects. Learn from successes and challenges to plan and execute effective migrations.,0,0,0,0,0,0,1
CID0201,Deep Reinforcement Learning: Advanced Decision-Making,Advance your knowledge of reinforcement learning by exploring deep learning integration. Apply these techniques to complex problems like game playing and robotics. Develop AI agents capable of learning from high-dimensional inputs.,0,1,0,0,0,1,0
CID0202,Multi-Cloud Management: Navigating Multiple Cloud Providers,Learn to manage services and resources across multiple cloud platforms. Understand the benefits and challenges of a multi-cloud approach. Utilize tools and strategies for effective multi-cloud operations.,0,0,0,0,0,0,1
CID0203,Cloud Data Compression and Optimization,Optimize data storage and transfer in the cloud using compression techniques. Learn about compression algorithms and their trade-offs. Reduce costs and improve performance.,0,1,1,0,0,1,1
CID0204,Data Compression Techniques: Optimizing Storage and Transfer,Reduce data size using compression algorithms. Understand lossless and lossy compression methods. Optimize storage costs and improve data transfer speeds.,0,1,1,0,0,1,1
CID0205,Emotion Recognition with AI: Understanding Human Feelings,"Dive into affective computing and learn how AI can recognize and interpret human emotions from facial expressions and voice. Explore applications in user experience, marketing, and mental health.",0,1,0,0,0,1,0
CID0206,Survival Analysis: Modeling Time-to-Event Data,"Learn methods for analyzing time-to-event data, common in medical research and reliability engineering. Understand Kaplan-Meier estimators and Cox proportional hazards models.",0,1,0,0,1,1,0
CID0207,Advanced Computer Vision: 3D Imaging and Reconstruction,"Dive into advanced computer vision topics like 3D imaging, depth perception, and scene reconstruction. Learn to develop applications for augmented reality, robotics, and medical imaging.",0,1,0,0,0,1,0
CID0208,"ETL Pipelines Mastery: Extract, Transform, Load for Data Engineers","Become proficient in building ETL pipelines. Extract data from various sources, transform it for analysis, and load it into data warehouses. Gain hands-on experience with ETL tools and frameworks.",0,0,1,0,0,0,1
CID0209,Building Scalable ETL Pipelines with AWS Glue,"Use AWS Glue to develop scalable ETL processes. Automate data extraction, transformation, and loading with serverless architecture.",0,0,1,0,0,0,1
CID0210,AI in Agriculture: Cultivating Smart Farming Solutions,"Discover how AI is transforming agriculture through precision farming, crop monitoring, and yield prediction. Learn to develop AI models that optimize resource usage, enhance crop quality, and contribute to sustainable farming practices.",0,1,0,0,0,1,0
